name,file,template,loadspec,secondary,group,vol_min,vol_max,team_vol_mod,dist_min,dist_max,dist_reverb_max,volume_falloff_curve,reverb_falloff_curve,volume_min_falloff_curve,reverb_min_falloff_curve,limit_count,limit_type,entity_limit_count,entity_limit_type,pitch_min,pitch_max,team_pitch_mod,min_priority,max_priority,min_priority_threshold,max_priority_threshold,spatialized,type,loop,randomize_type,probability,start_delay,reverb_send,duck,pan,center_send,envelop_min,envelop_max,envelop_percentage,occlusion_level,occlusion_wet_dry,is_big,distance_lpf,move_type,move_time,real_delay,subtitle,mature,doppler,futz,context_type,context_value,compression,timescale,music,fade_in,fade_out,pc_format,pause,stop_on_death,bus,snapshot,voice_limit,file_xenon,file_size_xenon,file_ps3,file_size_ps3,file_pc,file_size_pc,source_csv,language
#########################################################,,,,,,,,,,,,,,,,,,,,,,,,,,,,,,,,,,,,,,,,,,,,,,,,,,,,,,,,,,,,,,,,,,,,,,,
# Perks Common,,,,,,,,,,,,,,,,,,,,,,,,,,,,,,,,,,,,,,,,,,,,,,,,,,,,,,,,,,,,,,,,,,,,,,,
#########################################################,,,,,,,,,,,,,,,,,,,,,,,,,,,,,,,,,,,,,,,,,,,,,,,,,,,,,,,,,,,,,,,,,,,,,,,
evt_belch,raw\sound\apex\zmb\perksacola\bottle\belch.wav,,,,ambience,100,100,100,100,450,700,curve3,curve2,allon,rdefault,5,priority,5,reject,-100,100,0,25,50,0.25,1,3d,loaded,nonlooping,,1,0,96,,default,0,50,150,92,0.4,0.5,no,yes,none,1000,no,,both,no,no,,,75,no,no,0,0,wma,yes,no,world,ambience,no,raw\sound\apex\zmb\perksacola\bottle\belch.wav,0,raw\sound\apex\zmb\perksacola\bottle\belch.wav,0,raw\sound\apex\zmb\perksacola\bottle\belch.wav,0,zmb_common,all
evt_bottle_break,raw\sound\apex\zmb\perksacola\bottle\break.wav,,,,ambience,100,100,100,100,450,700,curve3,curve2,allon,rdefault,5,priority,5,reject,-100,100,0,25,50,0.25,1,3d,loaded,nonlooping,,1,500,96,,default,0,50,150,92,0.4,0.5,no,yes,none,1000,no,,both,no,no,,,75,no,no,0,0,wma,yes,no,world,ambience,no,raw\sound\apex\zmb\perksacola\bottle\break.wav,0,raw\sound\apex\zmb\perksacola\bottle\break.wav,0,raw\sound\apex\zmb\perksacola\bottle\break.wav,0,zmb_common,all
evt_bottle_dispense,raw\sound\apex\zmb\perksacola\bottle\dispense.wav,,,,ambience,100,100,100,100,450,700,curve3,curve2,allon,rdefault,5,priority,5,reject,-100,100,0,25,50,0.25,1,3d,loaded,nonlooping,,1,0,96,,default,0,50,150,92,0.4,0.5,no,yes,none,1000,no,,both,no,no,,,75,no,no,0,0,wma,yes,no,world,ambience,no,raw\sound\apex\zmb\perksacola\bottle\dispense.wav,0,raw\sound\apex\zmb\perksacola\bottle\dispense.wav,0,raw\sound\apex\zmb\perksacola\bottle\dispense.wav,0,zmb_common,all
evt_perk_bottle_open,raw\sound\apex\zmb\perksacola\bottle\open.wav,,,,ambience,100,100,100,100,450,700,curve3,curve2,allon,rdefault,5,priority,5,reject,-100,100,0,25,50,0.25,1,3d,loaded,nonlooping,,1,0,96,,default,0,50,150,92,0.4,0.5,no,yes,none,1000,no,,both,no,no,,,75,no,no,0,0,wma,yes,no,world,ambience,no,raw\sound\apex\zmb\perksacola\bottle\open.wav,0,raw\sound\apex\zmb\perksacola\bottle\open.wav,0,raw\sound\apex\zmb\perksacola\bottle\open.wav,0,zmb_common,all
evt_perk_deny,raw\sound\apex\zmb\perksacola\bottle\deny.wav,,,,ambience,100,100,100,100,450,700,curve3,curve2,allon,rdefault,5,priority,5,reject,-100,100,0,25,50,0.25,1,3d,loaded,nonlooping,,1,0,96,,default,0,50,150,92,0.4,0.5,no,yes,none,1000,no,,both,no,no,,,75,no,no,0,0,wma,yes,no,world,ambience,no,raw\sound\apex\zmb\perksacola\bottle\deny.wav,0,raw\sound\apex\zmb\perksacola\bottle\deny.wav,0,raw\sound\apex\zmb\perksacola\bottle\deny.wav,0,zmb_common,all
evt_perk_swallow,raw\sound\apex\zmb\perksacola\bottle\swallow.wav,,,,ambience,100,100,100,100,450,700,curve3,curve2,allon,rdefault,5,priority,5,reject,-100,100,0,25,50,0.25,1,3d,loaded,nonlooping,,1,0,96,,default,0,50,150,92,0.4,0.5,no,yes,none,1000,no,,both,no,no,,,75,no,no,0,0,wma,yes,no,world,ambience,no,raw\sound\apex\zmb\perksacola\bottle\swallow.wav,0,raw\sound\apex\zmb\perksacola\bottle\swallow.wav,0,raw\sound\apex\zmb\perksacola\bottle\swallow.wav,0,zmb_common,all
zmb_perks_bump_bottle,raw\sound\apex\fly\bump\vend\bottle\vend_00.wav,,bump_bottles,,foley,97,97,100,100,1150,1150,curve3,default,allon,rdefault,5,priority,2,reject,-88,165,0,5,25,0.25,0.75,3d,loaded,nonlooping,,1,0,100,,default,0,50,100,93,0.1,0.5,no,yes,none,1000,no,,both,no,no,,,75,no,no,0,0,wma,yes,no,world,foley,no,raw\sound\apex\fly\bump\vend\bottle\vend_00.wav,0,raw\sound\apex\fly\bump\vend\bottle\vend_00.wav,0,raw\sound\apex\fly\bump\vend\bottle\vend_00.wav,0,cmn_interaction,all
zmb_perks_bump_bottle,raw\sound\apex\fly\bump\vend\bottle\vend_01.wav,,bump_bottles,,foley,97,97,100,100,1150,1150,curve3,default,allon,rdefault,5,priority,2,reject,-88,165,0,5,25,0.25,0.75,3d,loaded,nonlooping,,1,0,100,,default,0,50,100,93,0.1,0.5,no,yes,none,1000,no,,both,no,no,,,75,no,no,0,0,wma,yes,no,world,foley,no,raw\sound\apex\fly\bump\vend\bottle\vend_01.wav,0,raw\sound\apex\fly\bump\vend\bottle\vend_01.wav,0,raw\sound\apex\fly\bump\vend\bottle\vend_01.wav,0,cmn_interaction,all
zmb_perks_bump_bottle,raw\sound\apex\fly\bump\vend\bottle\vend_02.wav,,bump_bottles,,foley,97,97,100,100,1150,1150,curve3,default,allon,rdefault,5,priority,2,reject,-88,165,0,5,25,0.25,0.75,3d,loaded,nonlooping,,1,0,100,,default,0,50,100,93,0.1,0.5,no,yes,none,1000,no,,both,no,no,,,75,no,no,0,0,wma,yes,no,world,foley,no,raw\sound\apex\fly\bump\vend\bottle\vend_02.wav,0,raw\sound\apex\fly\bump\vend\bottle\vend_02.wav,0,raw\sound\apex\fly\bump\vend\bottle\vend_02.wav,0,cmn_interaction,all
zmb_perks_power_on,raw\sound\apex\zmb\perksacola\common\power_on.wav,,,,ambience,93,93,100,50,350,600,curve3,curve2,allon,rdefault,5,priority,5,reject,0,0,0,25,50,0.25,1,3d,loaded,nonlooping,,1,0,96,,default,0,50,150,92,0.4,0.5,no,yes,none,1000,no,,both,no,no,,,75,no,no,0,0,wma,yes,no,world,ambience,no,raw\sound\apex\zmb\perksacola\common\power_on.wav,0,raw\sound\apex\zmb\perksacola\common\power_on.wav,0,raw\sound\apex\zmb\perksacola\common\power_on.wav,0,zmb_common,all
zmb_perks_machine_loop,raw\sound\apex\zmb\perksacola\common\hum_loop.wav,,,,ambience,93,93,100,50,350,600,curve3,curve2,allon,rdefault,5,priority,5,reject,0,0,0,25,50,0.25,1,3d,loaded,looping,,1,0,96,,default,0,50,150,92,0.4,0.5,no,yes,none,1000,no,,both,no,no,,,75,no,no,0,0,wma,yes,no,world,ambience,no,raw\sound\apex\zmb\perksacola\common\hum_loop.wav,0,raw\sound\apex\zmb\perksacola\common\hum_loop.wav,0,raw\sound\apex\zmb\perksacola\common\hum_loop.wav,0,zmb_common,all
zmb_perks_broken_jingle,raw\sound\apex\zmb\perksacola\common\broken_rands\random_00.wav,,,,ambience,93,93,100,50,350,600,curve3,curve2,allon,rdefault,5,priority,5,reject,0,0,0,25,50,0.25,1,3d,loaded,nonlooping,,1,0,96,,default,0,50,150,92,0.4,0.5,no,yes,none,1000,no,,both,no,no,,,75,no,no,0,0,wma,yes,no,world,ambience,no,raw\sound\apex\zmb\perksacola\common\broken_rands\random_00.wav,0,raw\sound\apex\zmb\perksacola\common\broken_rands\random_00.wav,0,raw\sound\apex\zmb\perksacola\common\broken_rands\random_00.wav,0,zmb_common,all
zmb_perks_broken_jingle,raw\sound\apex\zmb\perksacola\common\broken_rands\random_01.wav,,,,ambience,93,93,100,50,350,600,curve3,curve2,allon,rdefault,5,priority,5,reject,0,0,0,25,50,0.25,1,3d,loaded,nonlooping,,1,0,96,,default,0,50,150,92,0.4,0.5,no,yes,none,1000,no,,both,no,no,,,75,no,no,0,0,wma,yes,no,world,ambience,no,raw\sound\apex\zmb\perksacola\common\broken_rands\random_01.wav,0,raw\sound\apex\zmb\perksacola\common\broken_rands\random_01.wav,0,raw\sound\apex\zmb\perksacola\common\broken_rands\random_01.wav,0,zmb_common,all
zmb_perks_broken_jingle,raw\sound\apex\zmb\perksacola\common\broken_rands\random_02.wav,,,,ambience,93,93,100,50,350,600,curve3,curve2,allon,rdefault,5,priority,5,reject,0,0,0,25,50,0.25,1,3d,loaded,nonlooping,,1,0,96,,default,0,50,150,92,0.4,0.5,no,yes,none,1000,no,,both,no,no,,,75,no,no,0,0,wma,yes,no,world,ambience,no,raw\sound\apex\zmb\perksacola\common\broken_rands\random_02.wav,0,raw\sound\apex\zmb\perksacola\common\broken_rands\random_02.wav,0,raw\sound\apex\zmb\perksacola\common\broken_rands\random_02.wav,0,zmb_common,all
zmb_perks_broken_jingle,raw\sound\apex\zmb\perksacola\common\broken_rands\random_03.wav,,,,ambience,93,93,100,50,350,600,curve3,curve2,allon,rdefault,5,priority,5,reject,0,0,0,25,50,0.25,1,3d,loaded,nonlooping,,1,0,96,,default,0,50,150,92,0.4,0.5,no,yes,none,1000,no,,both,no,no,,,75,no,no,0,0,wma,yes,no,world,ambience,no,raw\sound\apex\zmb\perksacola\common\broken_rands\random_03.wav,0,raw\sound\apex\zmb\perksacola\common\broken_rands\random_03.wav,0,raw\sound\apex\zmb\perksacola\common\broken_rands\random_03.wav,0,zmb_common,all
zmb_perks_broken_jingle,raw\sound\apex\zmb\perksacola\common\broken_rands\random_04.wav,,,,ambience,93,93,100,50,350,600,curve3,curve2,allon,rdefault,5,priority,5,reject,0,0,0,25,50,0.25,1,3d,loaded,nonlooping,,1,0,96,,default,0,50,150,92,0.4,0.5,no,yes,none,1000,no,,both,no,no,,,75,no,no,0,0,wma,yes,no,world,ambience,no,raw\sound\apex\zmb\perksacola\common\broken_rands\random_04.wav,0,raw\sound\apex\zmb\perksacola\common\broken_rands\random_04.wav,0,raw\sound\apex\zmb\perksacola\common\broken_rands\random_04.wav,0,zmb_common,all
#########################################################,,,,,,,,,,,,,,,,,,,,,,,,,,,,,,,,,,,,,,,,,,,,,,,,,,,,,,,,,,,,,,,,,,,,,,,
# Juggernog,,,,,,,,,,,,,,,,,,,,,,,,,,,,,,,,,,,,,,,,,,,,,,,,,,,,,,,,,,,,,,,,,,,,,,,
#########################################################,,,,,,,,,,,,,,,,,,,,,,,,,,,,,,,,,,,,,,,,,,,,,,,,,,,,,,,,,,,,,,,,,,,,,,,
mus_perks_jugganog_jingle,raw\sound\apex\mus\zombie\perksacola\mus_jugganog_jingle.wav,zmb_perks_jingles,zombie_mus_shared,,master,94,94,100,50,1800,2200,log2,log1,allon,rdefault,5,priority,5,reject,0,0,0,90,90,0.25,1,3d,streamed,nonlooping,,1,0,97,duck_music_3d,default,0,100,200,93,0.65,0.5,no,yes,none,1000,no,,both,no,no,,,100,no,no,0,0,wma,yes,no,world,master,no,raw\sound\apex\mus\zombie\perksacola\mus_jugganog_jingle.wav,0,raw\sound\apex\mus\zombie\perksacola\mus_jugganog_jingle.wav,0,raw\sound\apex\mus\zombie\perksacola\mus_jugganog_jingle.wav,0,zmb_music,all
mus_perks_revive_sting,raw\sound\apex\mus\zombie\perksacola\mus_jugganog_sting.wav,zmb_perks_jingles,zombie_mus_shared,,master,94,94,100,50,1800,2200,log2,log1,allon,rdefault,5,priority,5,reject,0,0,0,90,90,0.25,1,3d,streamed,nonlooping,,1,0,97,duck_music_3d,default,0,100,200,93,0.65,0.5,no,yes,none,1000,no,,both,no,no,,,100,no,no,0,0,wma,yes,no,world,master,no,raw\sound\apex\mus\zombie\perksacola\mus_jugganog_sting.wav,0,raw\sound\apex\mus\zombie\perksacola\mus_jugganog_sting.wav,0,raw\sound\apex\mus\zombie\perksacola\mus_jugganog_sting.wav,0,zmb_music,all
#########################################################,,,,,,,,,,,,,,,,,,,,,,,,,,,,,,,,,,,,,,,,,,,,,,,,,,,,,,,,,,,,,,,,,,,,,,,
# Speed Cola,,,,,,,,,,,,,,,,,,,,,,,,,,,,,,,,,,,,,,,,,,,,,,,,,,,,,,,,,,,,,,,,,,,,,,,
#########################################################,,,,,,,,,,,,,,,,,,,,,,,,,,,,,,,,,,,,,,,,,,,,,,,,,,,,,,,,,,,,,,,,,,,,,,,
mus_perks_speed_jingle,raw\sound\apex\mus\zombie\perksacola\mus_speed_jingle.wav,zmb_perks_jingles,zombie_mus_shared,,master,94,94,100,50,1800,2200,log2,log1,allon,rdefault,5,priority,5,reject,0,0,0,90,90,0.25,1,3d,streamed,nonlooping,,1,0,97,duck_music_3d,default,0,100,200,93,0.65,0.5,no,yes,none,1000,no,,both,no,no,,,100,no,no,0,0,wma,yes,no,world,master,no,raw\sound\apex\mus\zombie\perksacola\mus_speed_jingle.wav,0,raw\sound\apex\mus\zombie\perksacola\mus_speed_jingle.wav,0,raw\sound\apex\mus\zombie\perksacola\mus_speed_jingle.wav,0,zmb_music,all
mus_perks_speed_sting,raw\sound\apex\mus\zombie\perksacola\mus_speed_sting.wav,zmb_perks_jingles,zombie_mus_shared,,master,94,94,100,50,1800,2200,log2,log1,allon,rdefault,5,priority,5,reject,0,0,0,90,90,0.25,1,3d,streamed,nonlooping,,1,0,97,duck_music_3d,default,0,100,200,93,0.65,0.5,no,yes,none,1000,no,,both,no,no,,,100,no,no,0,0,wma,yes,no,world,master,no,raw\sound\apex\mus\zombie\perksacola\mus_speed_sting.wav,0,raw\sound\apex\mus\zombie\perksacola\mus_speed_sting.wav,0,raw\sound\apex\mus\zombie\perksacola\mus_speed_sting.wav,0,zmb_music,all
#########################################################,,,,,,,,,,,,,,,,,,,,,,,,,,,,,,,,,,,,,,,,,,,,,,,,,,,,,,,,,,,,,,,,,,,,,,,
# Double Tap,,,,,,,,,,,,,,,,,,,,,,,,,,,,,,,,,,,,,,,,,,,,,,,,,,,,,,,,,,,,,,,,,,,,,,,
#########################################################,,,,,,,,,,,,,,,,,,,,,,,,,,,,,,,,,,,,,,,,,,,,,,,,,,,,,,,,,,,,,,,,,,,,,,,
mus_perks_doubletap_jingle,raw\sound\apex\mus\zombie\perksacola\mus_doubletap_jingle.wav,zmb_perks_jingles,zombie_mus_shared,,master,94,94,100,50,1800,2200,log2,log1,allon,rdefault,5,priority,5,reject,0,0,0,90,90,0.25,1,3d,streamed,nonlooping,,1,0,97,duck_music_3d,default,0,100,200,93,0.65,0.5,no,yes,none,1000,no,,both,no,no,,,100,no,no,0,0,wma,yes,no,world,master,no,raw\sound\apex\mus\zombie\perksacola\mus_doubletap_jingle.wav,0,raw\sound\apex\mus\zombie\perksacola\mus_doubletap_jingle.wav,0,raw\sound\apex\mus\zombie\perksacola\mus_doubletap_jingle.wav,0,zmb_music,all
mus_perks_doubletap_sting,raw\sound\apex\mus\zombie\perksacola\mus_doubletap_sting.wav,zmb_perks_jingles,zombie_mus_shared,,master,94,94,100,50,1800,2200,log2,log1,allon,rdefault,5,priority,5,reject,0,0,0,90,90,0.25,1,3d,streamed,nonlooping,,1,0,97,duck_music_3d,default,0,100,200,93,0.65,0.5,no,yes,none,1000,no,,both,no,no,,,100,no,no,0,0,wma,yes,no,world,master,no,raw\sound\apex\mus\zombie\perksacola\mus_doubletap_sting.wav,0,raw\sound\apex\mus\zombie\perksacola\mus_doubletap_sting.wav,0,raw\sound\apex\mus\zombie\perksacola\mus_doubletap_sting.wav,0,zmb_music,all
#########################################################,,,,,,,,,,,,,,,,,,,,,,,,,,,,,,,,,,,,,,,,,,,,,,,,,,,,,,,,,,,,,,,,,,,,,,,
# Quick Revive,,,,,,,,,,,,,,,,,,,,,,,,,,,,,,,,,,,,,,,,,,,,,,,,,,,,,,,,,,,,,,,,,,,,,,,
#########################################################,,,,,,,,,,,,,,,,,,,,,,,,,,,,,,,,,,,,,,,,,,,,,,,,,,,,,,,,,,,,,,,,,,,,,,,
mus_perks_revive_jingle,raw\sound\apex\mus\zombie\perksacola\mus_revive_jingle.wav,zmb_perks_jingles,zombie_mus_shared,,master,94,94,100,50,1800,2200,log2,log1,allon,rdefault,5,priority,5,reject,0,0,0,90,90,0.25,1,3d,streamed,nonlooping,,1,0,97,duck_music_3d,default,0,100,200,93,0.65,0.5,no,yes,none,1000,no,,both,no,no,,,100,no,no,0,0,wma,yes,no,world,master,no,raw\sound\apex\mus\zombie\perksacola\mus_revive_jingle.wav,0,raw\sound\apex\mus\zombie\perksacola\mus_revive_jingle.wav,0,raw\sound\apex\mus\zombie\perksacola\mus_revive_jingle.wav,0,zmb_music,all
mus_perks_revive_sting,raw\sound\apex\mus\zombie\perksacola\mus_revive_sting.wav,zmb_perks_jingles,zombie_mus_shared,,master,94,94,100,50,1800,2200,log2,log1,allon,rdefault,5,priority,5,reject,0,0,0,90,90,0.25,1,3d,streamed,nonlooping,,1,0,97,duck_music_3d,default,0,100,200,93,0.65,0.5,no,yes,none,1000,no,,both,no,no,,,100,no,no,0,0,wma,yes,no,world,master,no,raw\sound\apex\mus\zombie\perksacola\mus_revive_sting.wav,0,raw\sound\apex\mus\zombie\perksacola\mus_revive_sting.wav,0,raw\sound\apex\mus\zombie\perksacola\mus_revive_sting.wav,0,zmb_music,all
#########################################################,,,,,,,,,,,,,,,,,,,,,,,,,,,,,,,,,,,,,,,,,,,,,,,,,,,,,,,,,,,,,,,,,,,,,,,
# PHD Flopper,,,,,,,,,,,,,,,,,,,,,,,,,,,,,,,,,,,,,,,,,,,,,,,,,,,,,,,,,,,,,,,,,,,,,,,
#########################################################,,,,,,,,,,,,,,,,,,,,,,,,,,,,,,,,,,,,,,,,,,,,,,,,,,,,,,,,,,,,,,,,,,,,,,,
mus_perks_phd_jingle,raw\sound\apex\mus\zombie\perksacola\mus_phd_jingle.wav,zmb_perks_jingles,zombie_mus_shared,,master,94,94,100,50,1800,2200,log2,log1,allon,rdefault,5,priority,5,reject,0,0,0,90,90,0.25,1,3d,streamed,nonlooping,,1,0,97,duck_music_3d,default,0,100,200,93,0.65,0.5,no,yes,none,1000,no,,both,no,no,,,100,no,no,0,0,wma,yes,no,world,master,no,raw\sound\apex\mus\zombie\perksacola\mus_phd_jingle.wav,0,raw\sound\apex\mus\zombie\perksacola\mus_phd_jingle.wav,0,raw\sound\apex\mus\zombie\perksacola\mus_phd_jingle.wav,0,zmb_music,all
mus_perks_phd_sting,raw\sound\apex\mus\zombie\perksacola\mus_phd_sting.wav,zmb_perks_jingles,zombie_mus_shared,,master,94,94,100,50,1800,2200,log2,log1,allon,rdefault,5,priority,5,reject,0,0,0,90,90,0.25,1,3d,streamed,nonlooping,,1,0,97,duck_music_3d,default,0,100,200,93,0.65,0.5,no,yes,none,1000,no,,both,no,no,,,100,no,no,0,0,wma,yes,no,world,master,no,raw\sound\apex\mus\zombie\perksacola\mus_phd_sting.wav,0,raw\sound\apex\mus\zombie\perksacola\mus_phd_sting.wav,0,raw\sound\apex\mus\zombie\perksacola\mus_phd_sting.wav,0,zmb_music,all
zmb_phdflop_explo,raw\sound\apex\zmb\powerups\nuke\nuke_flash.wav,zmb_perks_jingles,zombie_mus_shared,zmb_phdflop_explo_sweet,ambience,100,100,100,1000,65535,65535,log2,log1,allon,rdefault,5,priority,5,reject,0,0,0,90,90,0.25,1,3d,streamed,nonlooping,,1,0,97,duck_music_3d,default,0,100,200,93,0.65,0.5,no,yes,none,1000,no,,both,no,no,,,100,no,no,0,0,wma,yes,no,world,ambience,no,raw\sound\apex\zmb\powerups\nuke\nuke_flash.wav,0,raw\sound\apex\zmb\powerups\nuke\nuke_flash.wav,0,raw\sound\apex\zmb\powerups\nuke\nuke_flash.wav,0,zmb_music,all
zmb_phdflop_explo_more,raw\sound\apex\exp\c4\c4_det.wav,zmb_perks_jingles,zombie_mus_shared,,ambience,100,100,100,1000,65535,65535,log2,log1,allon,rdefault,5,priority,5,reject,0,0,0,90,90,0.25,1,3d,streamed,nonlooping,,1,0,97,duck_music_3d,default,0,100,200,93,0.65,0.5,no,yes,none,1000,no,,both,no,no,,,100,no,no,0,0,wma,yes,no,world,ambience,no,raw\sound\apex\exp\c4\c4_det.wav,0,raw\sound\apex\exp\c4\c4_det.wav,0,raw\sound\apex\exp\c4\c4_det.wav,0,zmb_music,all
zmb_phdflop_explo_sweet,raw\sound\apex\zmb\perksacola\phd\impact\impact_00.wav,zmb_perks_jingles,zombie_mus_shared,zmb_phdflop_explo_more,ambience,100,100,100,1000,65535,65535,log2,log1,allon,rdefault,5,priority,5,reject,0,0,0,90,90,0.25,1,3d,streamed,nonlooping,,1,0,97,duck_music_3d,default,0,100,200,93,0.65,0.5,no,yes,none,1000,no,,both,no,no,,,100,no,no,0,0,wma,yes,no,world,ambience,no,raw\sound\apex\zmb\perksacola\phd\impact\impact_00.wav,0,raw\sound\apex\zmb\perksacola\phd\impact\impact_00.wav,0,raw\sound\apex\zmb\perksacola\phd\impact\impact_00.wav,0,zmb_music,all
zmb_phdflop_explo_sweet,raw\sound\apex\zmb\perksacola\phd\impact\impact_01.wav,zmb_perks_jingles,zombie_mus_shared,zmb_phdflop_explo_more,ambience,100,100,100,1000,65535,65535,log2,log1,allon,rdefault,5,priority,5,reject,0,0,0,90,90,0.25,1,3d,streamed,nonlooping,,1,0,97,duck_music_3d,default,0,100,200,93,0.65,0.5,no,yes,none,1000,no,,both,no,no,,,100,no,no,0,0,wma,yes,no,world,ambience,no,raw\sound\apex\zmb\perksacola\phd\impact\impact_01.wav,0,raw\sound\apex\zmb\perksacola\phd\impact\impact_01.wav,0,raw\sound\apex\zmb\perksacola\phd\impact\impact_01.wav,0,zmb_music,all
#########################################################,,,,,,,,,,,,,,,,,,,,,,,,,,,,,,,,,,,,,,,,,,,,,,,,,,,,,,,,,,,,,,,,,,,,,,,
# Stamin-Up,,,,,,,,,,,,,,,,,,,,,,,,,,,,,,,,,,,,,,,,,,,,,,,,,,,,,,,,,,,,,,,,,,,,,,,
#########################################################,,,,,,,,,,,,,,,,,,,,,,,,,,,,,,,,,,,,,,,,,,,,,,,,,,,,,,,,,,,,,,,,,,,,,,,
mus_perks_stamin_jingle,raw\sound\apex\mus\zombie\perksacola\mus_stamin_jingle.wav,zmb_perks_jingles,zombie_mus_shared,,master,94,94,100,50,1800,2200,log2,log1,allon,rdefault,5,priority,5,reject,0,0,0,90,90,0.25,1,3d,streamed,nonlooping,,1,0,97,duck_music_3d,default,0,100,200,93,0.65,0.5,no,yes,none,1000,no,,both,no,no,,,100,no,no,0,0,wma,yes,no,world,master,no,raw\sound\apex\mus\zombie\perksacola\mus_stamin_jingle.wav,0,raw\sound\apex\mus\zombie\perksacola\mus_stamin_jingle.wav,0,raw\sound\apex\mus\zombie\perksacola\mus_stamin_jingle.wav,0,zmb_music,all
mus_perks_stamin_sting,raw\sound\apex\mus\zombie\perksacola\mus_stamin_sting.wav,zmb_perks_jingles,zombie_mus_shared,,master,94,94,100,50,1800,2200,log2,log1,allon,rdefault,5,priority,5,reject,0,0,0,90,90,0.25,1,3d,streamed,nonlooping,,1,0,97,duck_music_3d,default,0,100,200,93,0.65,0.5,no,yes,none,1000,no,,both,no,no,,,100,no,no,0,0,wma,yes,no,world,master,no,raw\sound\apex\mus\zombie\perksacola\mus_stamin_sting.wav,0,raw\sound\apex\mus\zombie\perksacola\mus_stamin_sting.wav,0,raw\sound\apex\mus\zombie\perksacola\mus_stamin_sting.wav,0,zmb_music,all
#########################################################,,,,,,,,,,,,,,,,,,,,,,,,,,,,,,,,,,,,,,,,,,,,,,,,,,,,,,,,,,,,,,,,,,,,,,,
# Deadshot,,,,,,,,,,,,,,,,,,,,,,,,,,,,,,,,,,,,,,,,,,,,,,,,,,,,,,,,,,,,,,,,,,,,,,,
#########################################################,,,,,,,,,,,,,,,,,,,,,,,,,,,,,,,,,,,,,,,,,,,,,,,,,,,,,,,,,,,,,,,,,,,,,,,
mus_perks_deadshot_jingle,raw\sound\apex\mus\zombie\perksacola\mus_deadshot_jingle.wav,zmb_perks_jingles,zombie_mus_shared,,master,94,94,100,50,1800,2200,log2,log1,allon,rdefault,5,priority,5,reject,0,0,0,90,90,0.25,1,3d,streamed,nonlooping,,1,0,97,duck_music_3d,default,0,100,200,93,0.65,0.5,no,yes,none,1000,no,,both,no,no,,,100,no,no,0,0,wma,yes,no,world,master,no,raw\sound\apex\mus\zombie\perksacola\mus_deadshot_jingle.wav,0,raw\sound\apex\mus\zombie\perksacola\mus_deadshot_jingle.wav,0,raw\sound\apex\mus\zombie\perksacola\mus_deadshot_jingle.wav,0,zmb_music,all
mus_perks_deadshot_sting,raw\sound\apex\mus\zombie\perksacola\mus_deadshot_sting.wav,zmb_perks_jingles,zombie_mus_shared,,master,94,94,100,50,1800,2200,log2,log1,allon,rdefault,5,priority,5,reject,0,0,0,90,90,0.25,1,3d,streamed,nonlooping,,1,0,97,duck_music_3d,default,0,100,200,93,0.65,0.5,no,yes,none,1000,no,,both,no,no,,,100,no,no,0,0,wma,yes,no,world,master,no,raw\sound\apex\mus\zombie\perksacola\mus_deadshot_sting.wav,0,raw\sound\apex\mus\zombie\perksacola\mus_deadshot_sting.wav,0,raw\sound\apex\mus\zombie\perksacola\mus_deadshot_sting.wav,0,zmb_music,all
#########################################################,,,,,,,,,,,,,,,,,,,,,,,,,,,,,,,,,,,,,,,,,,,,,,,,,,,,,,,,,,,,,,,,,,,,,,,
# Mule Kick,,,,,,,,,,,,,,,,,,,,,,,,,,,,,,,,,,,,,,,,,,,,,,,,,,,,,,,,,,,,,,,,,,,,,,,
#########################################################,,,,,,,,,,,,,,,,,,,,,,,,,,,,,,,,,,,,,,,,,,,,,,,,,,,,,,,,,,,,,,,,,,,,,,,
mus_perks_mulekick_jingle,raw\sound\apex\mus\zombie\perksacola\mus_mulekick_jingle.wav,zmb_perks_jingles,zombie_mus_shared,,master,94,94,100,50,1800,2200,log2,log1,allon,rdefault,5,priority,5,reject,0,0,0,90,90,0.25,1,3d,streamed,nonlooping,,1,0,97,duck_music_3d,default,0,100,200,93,0.65,0.5,no,yes,none,1000,no,,both,no,no,,,100,no,no,0,0,wma,yes,no,world,master,no,raw\sound\apex\mus\zombie\perksacola\mus_mulekick_jingle.wav,0,raw\sound\apex\mus\zombie\perksacola\mus_mulekick_jingle.wav,0,raw\sound\apex\mus\zombie\perksacola\mus_mulekick_jingle.wav,0,zmb_music,all
mus_perks_mulekick_sting,raw\sound\apex\mus\zombie\perksacola\mus_mulekick_sting.wav,zmb_perks_jingles,zombie_mus_shared,,master,94,94,100,50,1800,2200,log2,log1,allon,rdefault,5,priority,5,reject,0,0,0,90,90,0.25,1,3d,streamed,nonlooping,,1,0,97,duck_music_3d,default,0,100,200,93,0.65,0.5,no,yes,none,1000,no,,both,no,no,,,100,no,no,0,0,wma,yes,no,world,master,no,raw\sound\apex\mus\zombie\perksacola\mus_mulekick_sting.wav,0,raw\sound\apex\mus\zombie\perksacola\mus_mulekick_sting.wav,0,raw\sound\apex\mus\zombie\perksacola\mus_mulekick_sting.wav,0,zmb_music,all
#########################################################,,,,,,,,,,,,,,,,,,,,,,,,,,,,,,,,,,,,,,,,,,,,,,,,,,,,,,,,,,,,,,,,,,,,,,,
# Who's Who,,,,,,,,,,,,,,,,,,,,,,,,,,,,,,,,,,,,,,,,,,,,,,,,,,,,,,,,,,,,,,,,,,,,,,,
#########################################################,,,,,,,,,,,,,,,,,,,,,,,,,,,,,,,,,,,,,,,,,,,,,,,,,,,,,,,,,,,,,,,,,,,,,,,
mus_perks_whoswho_jingle,raw\sound\apex\mus\zombie\perksacola\mus_whoswho_jingle.wav,zmb_perks_jingles,zombie_mus_shared,,master,94,94,100,50,1800,2200,log2,log1,allon,rdefault,5,priority,5,reject,0,0,0,90,90,0.25,1,3d,streamed,nonlooping,,1,0,97,duck_music_3d,default,0,100,200,93,0.65,0.5,no,yes,none,1000,no,,both,no,no,,,100,no,no,0,0,wma,yes,no,world,master,no,raw\sound\apex\mus\zombie\perksacola\mus_whoswho_jingle.wav,0,raw\sound\apex\mus\zombie\perksacola\mus_whoswho_jingle.wav,0,raw\sound\apex\mus\zombie\perksacola\mus_whoswho_jingle.wav,0,zmb_music,all
mus_perks_whoswho_sting,raw\sound\apex\mus\zombie\perksacola\mus_whoswho_sting.wav,zmb_perks_jingles,zombie_mus_shared,,master,94,94,100,50,1800,2200,log2,log1,allon,rdefault,5,priority,5,reject,0,0,0,90,90,0.25,1,3d,streamed,nonlooping,,1,0,97,duck_music_3d,default,0,100,200,93,0.65,0.5,no,yes,none,1000,no,,both,no,no,,,100,no,no,0,0,wma,yes,no,world,master,no,raw\sound\apex\mus\zombie\perksacola\mus_whoswho_sting.wav,0,raw\sound\apex\mus\zombie\perksacola\mus_whoswho_sting.wav,0,raw\sound\apex\mus\zombie\perksacola\mus_whoswho_sting.wav,0,zmb_music,all
evt_ww_activate,raw\sound\apex\zmb\level\zm_highrise\ww\mx_whoswho_begin,mus_normal_2d,zombie_mus_shared,,reference,100,100,100,1000,65535,65535,log2,log1,allon,rdefault,5,priority,5,reject,0,0,0,90,90,0.25,1,2d,streamed,nonlooping,,1,0,97,duck_music_2d,default,0,100,200,93,0.65,0.5,no,yes,none,1000,no,,both,no,no,,,100,no,no,0,0,wma,yes,no,world,reference,no,raw\sound\apex\zmb\level\zm_highrise\ww\mx_whoswho_begin.wav,0,raw\sound\apex\zmb\level\zm_highrise\ww\mx_whoswho_begin.wav,0,raw\sound\apex\zmb\level\zm_highrise\ww\mx_whoswho_begin.wav,0,zmb_music,all
evt_ww_looper,raw\sound\apex\zmb\level\zm_highrise\ww\ww_looper.wav,,,,voice,87,87,100,50,800,1200,curve4,curve2,allon,rdefault,4,reject,5,reject,0,0,0,100,100,0.25,1,2d,loaded,looping,,1,0,100,,all,0,0,0,0,0.25,0.5,no,yes,none,1000,no,,both,no,no,,,75,no,no,0,0,wma,yes,no,world,voice,no,raw\sound\apex\zmb\level\zm_highrise\ww\ww_looper.wav,0,raw\sound\apex\zmb\level\zm_highrise\ww\ww_looper.wav,0,raw\sound\apex\zmb\level\zm_highrise\ww\ww_looper.wav,0,zmb_common,all
evt_ww_deactivate,raw\sound\apex\zmb\level\zm_highrise\ww\ww_deactivate.wav,mus_normal_2d,zombie_mus_shared,,reference,100,100,100,1000,65535,65535,log2,log1,allon,rdefault,5,priority,5,reject,0,0,0,90,90,0.25,1,2d,streamed,nonlooping,,1,0,97,duck_music_2d,default,0,100,200,93,0.65,0.5,no,yes,none,1000,no,,both,no,no,,,100,no,no,0,0,wma,yes,no,world,reference,no,raw\sound\apex\zmb\level\zm_highrise\ww\ww_deactivate.wav,0,raw\sound\apex\zmb\level\zm_highrise\ww\ww_deactivate.wav,0,raw\sound\apex\zmb\level\zm_highrise\ww\ww_deactivate.wav,0,zmb_music,all
evt_ww_appear,raw\sound\apex\zmb\level\zm_highrise\ww\ww_pop2.wav,zmb_perks_jingles,zombie_mus_shared,,ambience,100,100,100,50,1100,1500,log2,log1,allon,rdefault,5,priority,5,reject,0,0,0,90,90,0.25,1,3d,streamed,nonlooping,,1,0,97,duck_music_3d,default,0,100,200,93,0.65,0.5,no,yes,none,1000,no,,both,no,no,,,100,no,no,0,0,wma,yes,no,world,ambience,no,raw\sound\apex\zmb\level\zm_highrise\ww\ww_pop2.wav,0,raw\sound\apex\zmb\level\zm_highrise\ww\ww_pop2.wav,0,raw\sound\apex\zmb\level\zm_highrise\ww\ww_pop2.wav,0,zmb_music,all
evt_ww_disappear,raw\sound\apex\zmb\level\zm_highrise\ww\ww_pop.wav,zmb_perks_jingles,zombie_mus_shared,,ambience,100,100,100,50,1100,1500,log2,log1,allon,rdefault,5,priority,5,reject,0,0,0,90,90,0.25,1,3d,streamed,nonlooping,,1,0,97,duck_music_3d,default,0,100,200,93,0.65,0.5,no,yes,none,1000,no,,both,no,no,,,100,no,no,0,0,wma,yes,no,world,ambience,no,raw\sound\apex\zmb\level\zm_highrise\ww\ww_pop.wav,0,raw\sound\apex\zmb\level\zm_highrise\ww\ww_pop.wav,0,raw\sound\apex\zmb\level\zm_highrise\ww\ww_pop.wav,0,zmb_music,all
#########################################################,,,,,,,,,,,,,,,,,,,,,,,,,,,,,,,,,,,,,,,,,,,,,,,,,,,,,,,,,,,,,,,,,,,,,,,
# Tombstone,,,,,,,,,,,,,,,,,,,,,,,,,,,,,,,,,,,,,,,,,,,,,,,,,,,,,,,,,,,,,,,,,,,,,,,
#########################################################,,,,,,,,,,,,,,,,,,,,,,,,,,,,,,,,,,,,,,,,,,,,,,,,,,,,,,,,,,,,,,,,,,,,,,,
mus_perks_tombstone_jingle,raw\sound\apex\mus\zombie\perksacola\mus_tombstone_jingle.wav,zmb_perks_jingles,zombie_mus_shared,,master,94,94,100,50,1800,2200,log2,log1,allon,rdefault,5,priority,5,reject,0,0,0,90,90,0.25,1,3d,streamed,nonlooping,,1,0,97,duck_music_3d,default,0,100,200,93,0.65,0.5,no,yes,none,1000,no,,both,no,no,,,100,no,no,0,0,wma,yes,no,world,master,no,raw\sound\apex\mus\zombie\perksacola\mus_tombstone_jingle.wav,0,raw\sound\apex\mus\zombie\perksacola\mus_tombstone_jingle.wav,0,raw\sound\apex\mus\zombie\perksacola\mus_tombstone_jingle.wav,0,zmb_music,all
mus_perks_tombstone_sting,raw\sound\apex\mus\zombie\perksacola\mus_whoswho_sting.wav,zmb_perks_jingles,zombie_mus_shared,,master,94,94,100,50,1800,2200,log2,log1,allon,rdefault,5,priority,5,reject,0,0,0,90,90,0.25,1,3d,streamed,nonlooping,,1,0,97,duck_music_3d,default,0,100,200,93,0.65,0.5,no,yes,none,1000,no,,both,no,no,,,100,no,no,0,0,wma,yes,no,world,master,no,raw\sound\apex\mus\zombie\perksacola\mus_tombstone_sting.wav,0,raw\sound\apex\mus\zombie\perksacola\mus_tombstone_sting.wav,0,raw\sound\apex\mus\zombie\perksacola\mus_tombstone_sting.wav,0,zmb_music,all
zmb_tombstone_grab,raw\sound\apex\zmb\powerups\common\grab.wav,,,,event,97,97,100,500,4000,4500,curve4,curve2,allon,rdefault,3,reject,5,reject,0,0,0,100,100,0.25,1,2d,loaded,nonlooping,,1,0,100,,all,0,0,0,0,0.25,0.5,no,yes,none,1000,no,,both,no,no,,,75,no,no,0,0,wma,yes,no,world,event,no,raw\sound\apex\zmb\powerups\common\grab.wav,0,raw\sound\apex\zmb\powerups\common\grab.wav,0,raw\sound\apex\zmb\powerups\common\grab.wav,0,zmb_common,all
zmb_tombstone_looper,raw\sound\apex\zmb\powerups\common\loop.wav,,,,event,97,97,100,50,800,1200,curve4,curve2,allon,rdefault,4,reject,5,reject,0,0,0,100,100,0.25,1,3d,loaded,looping,,1,550,100,,default,0,0,0,0,0.25,0.5,no,yes,none,1000,no,,both,no,no,,,75,no,no,0,0,wma,yes,no,world,event,no,raw\sound\apex\zmb\powerups\common\loop.wav,0,raw\sound\apex\zmb\powerups\common\loop.wav,0,raw\sound\apex\zmb\powerups\common\loop.wav,0,zmb_common,all
zmb_tombstone_spawn,raw\sound\apex\zmb\powerups\common\spawn.wav,,,,event,97,97,100,500,4000,4500,curve4,curve2,allon,rdefault,3,reject,5,reject,0,0,0,100,100,0.25,1,3d,loaded,nonlooping,,1,0,100,,default,0,0,0,0,0.25,0.5,no,yes,none,1000,no,,both,no,no,,,75,no,no,0,0,wma,yes,no,world,event,no,raw\sound\apex\zmb\powerups\common\spawn.wav,0,raw\sound\apex\zmb\powerups\common\spawn.wav,0,raw\sound\apex\zmb\powerups\common\spawn.wav,0,zmb_common,all
zmb_tombstone_timer_count,raw\sound\apex\uin\cac\cac_slide_lr.wav,,,,event,97,97,100,500,4000,4500,curve4,curve2,allon,rdefault,3,reject,5,reject,0,0,0,100,100,0.25,1,3d,loaded,nonlooping,,1,0,100,,default,0,0,0,0,0.25,0.5,no,yes,none,1000,no,,both,no,no,,,75,no,no,0,0,wma,yes,no,world,event,no,raw\sound\apex\uin\cac\cac_slide_lr.wav,0,raw\sound\apex\uin\cac\cac_slide_lr.wav,0,raw\sound\apex\uin\cac\cac_slide_lr.wav,0,zmb_common,all
zmb_tombstone_timer_out,raw\sound\apex\uin\cac\common\cac_cmn_denied.wav,,,,event,97,97,100,500,4000,4500,curve4,curve2,allon,rdefault,3,reject,5,reject,0,0,0,100,100,0.25,1,3d,loaded,nonlooping,,1,0,100,,default,0,0,0,0,0.25,0.5,no,yes,none,1000,no,,both,no,no,,,75,no,no,0,0,wma,yes,no,world,event,no,raw\sound\apex\uin\cac\common\cac_cmn_denied.wav,0,raw\sound\apex\uin\cac\common\cac_cmn_denied.wav,0,raw\sound\apex\uin\cac\common\cac_cmn_denied.wav,0,zmb_common,all
#########################################################,,,,,,,,,,,,,,,,,,,,,,,,,,,,,,,,,,,,,,,,,,,,,,,,,,,,,,,,,,,,,,,,,,,,,,,
# Electric Cherry,,,,,,,,,,,,,,,,,,,,,,,,,,,,,,,,,,,,,,,,,,,,,,,,,,,,,,,,,,,,,,,,,,,,,,,
#########################################################,,,,,,,,,,,,,,,,,,,,,,,,,,,,,,,,,,,,,,,,,,,,,,,,,,,,,,,,,,,,,,,,,,,,,,,
mus_perks_cherry_jingle,raw\sound\apex\mus\zombie\alcatraz\perksacola\cherry_jingle.wav,zmb_perks_jingles,zombie_mus_shared,,master,94,94,100,50,1800,2200,log2,log1,allon,rdefault,5,priority,5,reject,0,0,0,90,90,0.25,1,3d,streamed,nonlooping,,1,0,97,duck_music_3d,default,0,100,200,93,0.65,0.5,no,yes,none,1000,no,,both,no,no,,,100,no,no,0,0,wma,yes,no,world,master,no,raw\sound\apex\mus\zombie\alcatraz\perksacola\cherry_jingle.wav,0,raw\sound\apex\mus\zombie\alcatraz\perksacola\cherry_jingle.wav,0,raw\sound\apex\mus\zombie\alcatraz\perksacola\cherry_jingle.wav,0,zmb_music,all
mus_perks_cherry_sting,raw\sound\apex\mus\zombie\alcatraz\perksacola\cherry_jingle.wav,zmb_perks_jingles,zombie_mus_shared,,master,94,94,100,50,1800,2200,log2,log1,allon,rdefault,5,priority,5,reject,0,0,0,90,90,0.25,1,3d,streamed,nonlooping,,1,0,97,duck_music_3d,default,0,100,200,93,0.65,0.5,no,yes,none,1000,no,,both,no,no,,,100,no,no,0,0,wma,yes,no,world,master,no,raw\sound\apex\mus\zombie\alcatraz\perksacola\cherry_jingle.wav,0,raw\sound\apex\mus\zombie\alcatraz\perksacola\cherry_jingle.wav,0,raw\sound\apex\mus\zombie\alcatraz\perksacola\cherry_jingle.wav,0,zmb_music,all
zmb_cherry_explode,raw\sound\apex\zmb\level\zm_zod\sword\slam\sparks\sword_spark_explode_00.wav,,,,reference,93,93,100,50,350,600,curve3,curve2,allon,rdefault,5,priority,5,reject,0,0,0,25,50,0.25,1,3d,loaded,nonlooping,,1,0,96,,default,0,50,150,92,0.4,0.5,no,yes,none,1000,no,,both,no,no,,,75,no,no,0,0,wma,yes,no,world,reference,no,raw\sound\apex\zmb\level\zm_zod\sword\slam\sparks\sword_spark_explode_00.wav,0,raw\sound\apex\zmb\level\zm_zod\sword\slam\sparks\sword_spark_explode_00.wav,0,raw\sound\apex\zmb\level\zm_zod\sword\slam\sparks\sword_spark_explode_00.wav,0,zmb_common,all
zmb_cherry_explode,raw\sound\apex\zmb\level\zm_zod\sword\slam\sparks\sword_spark_explode_01.wav,,,,reference,93,93,100,50,350,600,curve3,curve2,allon,rdefault,5,priority,5,reject,0,0,0,25,50,0.25,1,3d,loaded,nonlooping,,1,0,96,,default,0,50,150,92,0.4,0.5,no,yes,none,1000,no,,both,no,no,,,75,no,no,0,0,wma,yes,no,world,reference,no,raw\sound\apex\zmb\level\zm_zod\sword\slam\sparks\sword_spark_explode_01.wav,0,raw\sound\apex\zmb\level\zm_zod\sword\slam\sparks\sword_spark_explode_01.wav,0,raw\sound\apex\zmb\level\zm_zod\sword\slam\sparks\sword_spark_explode_01.wav,0,zmb_common,all
#########################################################,,,,,,,,,,,,,,,,,,,,,,,,,,,,,,,,,,,,,,,,,,,,,,,,,,,,,,,,,,,,,,,,,,,,,,,
# Vulture Aid,,,,,,,,,,,,,,,,,,,,,,,,,,,,,,,,,,,,,,,,,,,,,,,,,,,,,,,,,,,,,,,,,,,,,,,
#########################################################,,,,,,,,,,,,,,,,,,,,,,,,,,,,,,,,,,,,,,,,,,,,,,,,,,,,,,,,,,,,,,,,,,,,,,,
mus_perks_vulture_jingle,raw\sound\apex\mus\zombie\perksacola\mus_vulture_jingle.wav,zmb_perks_jingles,zombie_mus_shared,,master,94,94,100,50,1800,2200,log2,log1,allon,rdefault,5,priority,5,reject,0,0,0,90,90,0.25,1,3d,streamed,nonlooping,,1,0,97,duck_music_3d,default,0,100,200,93,0.65,0.5,no,yes,none,1000,no,,both,no,no,,,100,no,no,0,0,wma,yes,no,world,master,no,raw\sound\apex\mus\zombie\perksacola\mus_vulture_jingle.wav,0,raw\sound\apex\mus\zombie\perksacola\mus_vulture_jingle.wav,0,raw\sound\apex\mus\zombie\perksacola\mus_vulture_jingle.wav,0,zmb_music,all
mus_perks_vulture_sting,raw\sound\apex\mus\zombie\perksacola\mus_vulture_sting.wav,zmb_perks_jingles,zombie_mus_shared,,master,94,94,100,50,1800,2200,log2,log1,allon,rdefault,5,priority,5,reject,0,0,0,90,90,0.25,1,3d,streamed,nonlooping,,1,0,97,duck_music_3d,default,0,100,200,93,0.65,0.5,no,yes,none,1000,no,,both,no,no,,,100,no,no,0,0,wma,yes,no,world,master,no,raw\sound\apex\mus\zombie\perksacola\mus_vulture_sting.wav,0,raw\sound\apex\mus\zombie\perksacola\mus_vulture_sting.wav,0,raw\sound\apex\mus\zombie\perksacola\mus_vulture_sting.wav,0,zmb_music,all
zmb_perks_vulture_drop,raw\sound\apex\zmb\powerups\vulture\drop.wav,,,,event,97,97,100,500,4000,4500,curve4,curve2,allon,rdefault,3,reject,5,reject,0,0,0,100,100,0.25,1,3d,loaded,nonlooping,,1,0,100,,default,0,0,0,0,0.25,0.5,no,yes,none,1000,no,,both,no,no,,,75,no,no,0,0,wma,yes,no,world,event,no,raw\sound\apex\zmb\powerups\vulture\drop.wav,0,raw\sound\apex\zmb\powerups\vulture\drop.wav,0,raw\sound\apex\zmb\powerups\vulture\drop.wav,0,zmb_common,all
zmb_perks_vulture_loop,raw\sound\apex\zmb\powerups\vulture\loop.wav,,,,event,97,97,100,50,800,1200,curve4,curve2,allon,rdefault,4,reject,5,reject,0,0,0,100,100,0.25,1,3d,loaded,looping,,1,550,100,,default,0,0,0,0,0.25,0.5,no,yes,none,1000,no,,both,no,no,,,75,no,no,0,0,wma,yes,no,world,event,no,raw\sound\apex\zmb\powerups\vulture\loop.wav,0,raw\sound\apex\zmb\powerups\vulture\loop.wav,0,raw\sound\apex\zmb\powerups\vulture\loop.wav,0,zmb_common,all
zmb_perks_vulture_money,raw\sound\apex\zmb\powerups\vulture\money.wav,,,,event,97,97,100,500,4000,4500,curve4,curve2,allon,rdefault,3,reject,5,reject,0,0,0,100,100,0.25,1,2d,loaded,nonlooping,,1,0,100,,all,0,0,0,0,0.25,0.5,no,yes,none,1000,no,,both,no,no,,,75,no,no,0,0,wma,yes,no,world,event,no,raw\sound\apex\zmb\powerups\vulture\money.wav,0,raw\sound\apex\zmb\powerups\vulture\money.wav,0,raw\sound\apex\zmb\powerups\vulture\money.wav,0,zmb_common,all
zmb_perks_vulture_pickup,raw\sound\apex\zmb\powerups\vulture\pickup.wav,,,,event,97,97,100,500,4000,4500,curve4,curve2,allon,rdefault,3,reject,5,reject,0,0,0,100,100,0.25,1,2d,loaded,nonlooping,,1,0,100,,all,0,0,0,0,0.25,0.5,no,yes,none,1000,no,,both,no,no,,,75,no,no,0,0,wma,yes,no,world,event,no,raw\sound\apex\zmb\powerups\vulture\pickup.wav,0,raw\sound\apex\zmb\powerups\vulture\pickup.wav,0,raw\sound\apex\zmb\powerups\vulture\pickup.wav,0,zmb_common,all
zmb_perks_vulture_stink_start,raw\sound\apex\zmb\powerups\vulture\stink\start.wav,mus_normal_2d,zombie_mus_shared,,ambience,100,100,100,1000,65535,65535,log2,log1,allon,rdefault,5,priority,5,reject,0,0,0,90,90,0.25,1,2d,streamed,nonlooping,,1,0,97,duck_music_2d,default,0,100,200,93,0.65,0.5,no,yes,none,1000,no,,both,no,no,,,100,no,no,0,0,wma,yes,no,world,ambience,no,raw\sound\apex\zmb\powerups\vulture\stink\start.wav,0,raw\sound\apex\zmb\powerups\vulture\stink\start.wav,0,raw\sound\apex\zmb\powerups\vulture\stink\start.wav,0,zmb_music,all
zmb_perks_vulture_stink_loop,raw\sound\apex\zmb\powerups\vulture\stink\loop.wav,,,,event,97,97,100,50,800,1200,curve4,curve2,allon,rdefault,4,reject,5,reject,0,0,0,100,100,0.25,1,3d,loaded,looping,,1,550,100,,default,0,0,0,0,0.25,0.5,no,yes,none,1000,no,,both,no,no,,,75,no,no,0,0,wma,yes,no,world,event,no,raw\sound\apex\zmb\powerups\vulture\stink\loop.wav,0,raw\sound\apex\zmb\powerups\vulture\stink\loop.wav,0,raw\sound\apex\zmb\powerups\vulture\stink\loop.wav,0,zmb_common,all
zmb_perks_vulture_stink_stop,raw\sound\apex\zmb\powerups\vulture\stink\stop.wav,mus_normal_2d,zombie_mus_shared,,ambience,100,100,100,1000,65535,65535,log2,log1,allon,rdefault,5,priority,5,reject,0,0,0,90,90,0.25,1,2d,streamed,nonlooping,,1,0,97,duck_music_2d,default,0,100,200,93,0.65,0.5,no,yes,none,1000,no,,both,no,no,,,100,no,no,0,0,wma,yes,no,world,ambience,no,raw\sound\apex\zmb\powerups\vulture\stink\stop.wav,0,raw\sound\apex\zmb\powerups\vulture\stink\stop.wav,0,raw\sound\apex\zmb\powerups\vulture\stink\stop.wav,0,zmb_music,all
# Sanchez why do you have 2 loop sounds for stink?,,,,,,,,,,,,,,,,,,,,,,,,,,,,,,,,,,,,,,,,,,,,,,,,,,,,,,,,,,,,,,,,,,,,,,,
# zmb_perks_vulture_stink_player_loop,raw\sound\apex\zmb\powerups\vulture\stink\loop.wav,mus_normal_2d,zombie_mus_shared,,ambience,87,87,100,50,800,1200,curve4,curve2,allon,rdefault,4,reject,5,reject,0,0,0,100,100,0.25,1,2d,loaded,looping,,1,0,100,,all,0,0,0,0,0.25,0.5,no,yes,none,1000,no,,both,no,no,,,75,no,no,0,0,wma,yes,no,world,ambience,no,raw\sound\apex\zmb\powerups\vulture\stink\loop.wav,0,raw\sound\apex\zmb\powerups\vulture\stink\loop.wav,0,raw\sound\apex\zmb\powerups\vulture\stink\loop.wav,0,zmb_common,all
# Sanchez what is this sound and where did you get it from?!?,,,,,,,,,,,,,,,,,,,,,,,,,,,,,,,,,,,,,,,,,,,,,,,,,,,,,,,,,,,,,,,,,,,,,,,
# zmb_vulture_drop_pickup,raw\sound\vulture\powerup_pickup.wav,,,,event,97,97,100,500,4000,4500,curve4,curve2,allon,rdefault,3,reject,5,reject,0,0,0,100,100,0.25,1,2d,loaded,nonlooping,,1,0,100,,all,0,0,0,0,0.25,0.5,no,yes,none,1000,no,,both,no,no,,,75,no,no,0,0,wma,yes,no,world,event,no,raw\sound\apex\raw\sound\vulture\powerup_pickup.wav,0,raw\sound\apex\raw\sound\vulture\powerup_pickup.wav,0,raw\sound\apex\raw\sound\vulture\powerup_pickup.wav,0,zmb_common,all
#########################################################,,,,,,,,,,,,,,,,,,,,,,,,,,,,,,,,,,,,,,,,,,,,,,,,,,,,,,,,,,,,,,,,,,,,,,,
# Widow's Wine,,,,,,,,,,,,,,,,,,,,,,,,,,,,,,,,,,,,,,,,,,,,,,,,,,,,,,,,,,,,,,,,,,,,,,,
#########################################################,,,,,,,,,,,,,,,,,,,,,,,,,,,,,,,,,,,,,,,,,,,,,,,,,,,,,,,,,,,,,,,,,,,,,,,
mus_perks_widows_jingle,raw\sound\apex\mus\zombie\zod\perksacola\mus_zod_widowswine_v3_m.wav,zmb_perks_jingles,zombie_mus_shared,,master,94,94,100,50,1800,2200,log2,log1,allon,rdefault,5,priority,5,reject,0,0,0,90,90,0.25,1,3d,streamed,nonlooping,,1,0,97,duck_music_3d,default,0,100,200,93,0.65,0.5,no,yes,none,1000,no,,both,no,no,,,100,no,no,0,0,wma,yes,no,world,master,no,raw\sound\apex\mus\zombie\zod\perksacola\mus_zod_widowswine_v3_m.wav,0,raw\sound\apex\mus\zombie\zod\perksacola\mus_zod_widowswine_v3_m.wav,0,raw\sound\apex\mus\zombie\zod\perksacola\mus_zod_widowswine_v3_m.wav,0,zmb_music,all
mus_perks_widows_sting,raw\sound\apex\mus\zombie\zod\perksacola\mus_zod_widowswine_v2_m_sting.wav,zmb_perks_jingles,zombie_mus_shared,,master,94,94,100,50,1800,2200,log2,log1,allon,rdefault,5,priority,5,reject,0,0,0,90,90,0.25,1,3d,streamed,nonlooping,,1,0,97,duck_music_3d,default,0,100,200,93,0.65,0.5,no,yes,none,1000,no,,both,no,no,,,100,no,no,0,0,wma,yes,no,world,master,no,raw\sound\apex\mus\zombie\zod\perksacola\mus_zod_widowswine_v2_m_sting.wav,0,raw\sound\apex\mus\zombie\zod\perksacola\mus_zod_widowswine_v2_m_sting.wav,0,raw\sound\apex\mus\zombie\zod\perksacola\mus_zod_widowswine_v2_m_sting.wav,0,zmb_music,all
wpn_wwgrenade_cocoon_imp,raw\sound\apex\zmb\perksacola\widowswine\imp\ww_entity_imp_00.wav,,,,reference,93,93,100,50,350,600,curve3,curve2,allon,rdefault,5,priority,5,reject,0,0,0,25,50,0.25,1,3d,loaded,nonlooping,,1,0,96,,default,0,50,150,92,0.4,0.5,no,yes,none,1000,no,,both,no,no,,,75,no,no,0,0,wma,yes,no,world,reference,no,raw\sound\apex\zmb\perksacola\widowswine\imp\ww_entity_imp_00.wav,0,raw\sound\apex\zmb\perksacola\widowswine\imp\ww_entity_imp_00.wav,0,raw\sound\apex\zmb\perksacola\widowswine\imp\ww_entity_imp_00.wav,0,zmb_common,all
wpn_wwgrenade_cocoon_imp,raw\sound\apex\zmb\perksacola\widowswine\imp\ww_entity_imp_01.wav,,,,reference,93,93,100,50,350,600,curve3,curve2,allon,rdefault,5,priority,5,reject,0,0,0,25,50,0.25,1,3d,loaded,nonlooping,,1,0,96,,default,0,50,150,92,0.4,0.5,no,yes,none,1000,no,,both,no,no,,,75,no,no,0,0,wma,yes,no,world,reference,no,raw\sound\apex\zmb\perksacola\widowswine\imp\ww_entity_imp_01.wav,0,raw\sound\apex\zmb\perksacola\widowswine\imp\ww_entity_imp_01.wav,0,raw\sound\apex\zmb\perksacola\widowswine\imp\ww_entity_imp_01.wav,0,zmb_common,all
wpn_wwgrenade_cocoon_imp,raw\sound\apex\zmb\perksacola\widowswine\imp\ww_entity_imp_02.wav,,,,reference,93,93,100,50,350,600,curve3,curve2,allon,rdefault,5,priority,5,reject,0,0,0,25,50,0.25,1,3d,loaded,nonlooping,,1,0,96,,default,0,50,150,92,0.4,0.5,no,yes,none,1000,no,,both,no,no,,,75,no,no,0,0,wma,yes,no,world,reference,no,raw\sound\apex\zmb\perksacola\widowswine\imp\ww_entity_imp_02.wav,0,raw\sound\apex\zmb\perksacola\widowswine\imp\ww_entity_imp_02.wav,0,raw\sound\apex\zmb\perksacola\widowswine\imp\ww_entity_imp_02.wav,0,zmb_common,all
wpn_wwgrenade_cocoon_imp,raw\sound\apex\zmb\perksacola\widowswine\imp\ww_entity_imp_03.wav,,,,reference,93,93,100,50,350,600,curve3,curve2,allon,rdefault,5,priority,5,reject,0,0,0,25,50,0.25,1,3d,loaded,nonlooping,,1,0,96,,default,0,50,150,92,0.4,0.5,no,yes,none,1000,no,,both,no,no,,,75,no,no,0,0,wma,yes,no,world,reference,no,raw\sound\apex\zmb\perksacola\widowswine\imp\ww_entity_imp_03.wav,0,raw\sound\apex\zmb\perksacola\widowswine\imp\ww_entity_imp_03.wav,0,raw\sound\apex\zmb\perksacola\widowswine\imp\ww_entity_imp_03.wav,0,zmb_common,all
wpn_wwgrenade_cocoon_lp,raw\sound\apex\zmb\perksacola\widowswine\lp\ww_cocoon_lp.wav,,,,event,97,97,100,50,800,1200,curve4,curve2,allon,rdefault,4,reject,5,reject,0,0,0,100,100,0.25,1,3d,loaded,looping,,1,550,100,,default,0,0,0,0,0.25,0.5,no,yes,none,1000,no,,both,no,no,,,75,no,no,0,0,wma,yes,no,world,event,no,raw\sound\apex\zmb\perksacola\widowswine\lp\ww_cocoon_lp.wav,0,raw\sound\apex\zmb\perksacola\widowswine\lp\ww_cocoon_lp.wav,0,raw\sound\apex\zmb\perksacola\widowswine\lp\ww_cocoon_lp.wav,0,zmb_common,all
wpn_wwgrenade_cocoon_stop,raw\sound\apex\wpn\hero\gel_gun\firefly\die\firefly_die_0.wav,,,,event,97,97,100,50,800,1200,curve4,curve2,allon,rdefault,4,reject,5,reject,0,0,0,100,100,0.25,1,3d,loaded,nonlooping,,1,550,100,,default,0,0,0,0,0.25,0.5,no,yes,none,1000,no,,both,no,no,,,75,no,no,0,0,wma,yes,no,world,event,no,raw\sound\apex\wpn\hero\gel_gun\firefly\die\firefly_die_0.wav,0,raw\sound\apex\wpn\hero\gel_gun\firefly\die\firefly_die_0.wav,0,raw\sound\apex\wpn\hero\gel_gun\firefly\die\firefly_die_0.wav,0,zmb_common,all
wpn_wwgrenade_cocoon_stop,raw\sound\apex\wpn\hero\gel_gun\firefly\die\firefly_die_1.wav,,,,event,97,97,100,50,800,1200,curve4,curve2,allon,rdefault,4,reject,5,reject,0,0,0,100,100,0.25,1,3d,loaded,nonlooping,,1,550,100,,default,0,0,0,0,0.25,0.5,no,yes,none,1000,no,,both,no,no,,,75,no,no,0,0,wma,yes,no,world,event,no,raw\sound\apex\wpn\hero\gel_gun\firefly\die\firefly_die_1.wav,0,raw\sound\apex\wpn\hero\gel_gun\firefly\die\firefly_die_1.wav,0,raw\sound\apex\wpn\hero\gel_gun\firefly\die\firefly_die_1.wav,0,zmb_common,all
wpn_wwgrenade_explode,raw\sound\apex\wpn\hero\gel_gun\blob\explo_full\gooball_explo_full_0.wav,,,wpn_wwgrenade_explode_swt,reference,93,93,100,50,350,600,curve3,curve2,allon,rdefault,5,priority,5,reject,0,0,0,25,50,0.25,1,3d,loaded,nonlooping,,1,0,96,,default,0,50,150,92,0.4,0.5,no,yes,none,1000,no,,both,no,no,,,75,no,no,0,0,wma,yes,no,world,reference,no,raw\sound\apex\wpn\hero\gel_gun\blob\explo_full\gooball_explo_full_0.wav,0,raw\sound\apex\wpn\hero\gel_gun\blob\explo_full\gooball_explo_full_0.wav,0,raw\sound\apex\wpn\hero\gel_gun\blob\explo_full\gooball_explo_full_0.wav,0,zmb_common,all
wpn_wwgrenade_explode,raw\sound\apex\wpn\hero\gel_gun\blob\explo_full\gooball_explo_full_1.wav,,,wpn_wwgrenade_explode_swt,reference,93,93,100,50,350,600,curve3,curve2,allon,rdefault,5,priority,5,reject,0,0,0,25,50,0.25,1,3d,loaded,nonlooping,,1,0,96,,default,0,50,150,92,0.4,0.5,no,yes,none,1000,no,,both,no,no,,,75,no,no,0,0,wma,yes,no,world,reference,no,raw\sound\apex\wpn\hero\gel_gun\blob\explo_full\gooball_explo_full_1.wav,0,raw\sound\apex\wpn\hero\gel_gun\blob\explo_full\gooball_explo_full_1.wav,0,raw\sound\apex\wpn\hero\gel_gun\blob\explo_full\gooball_explo_full_1.wav,0,zmb_common,all
wpn_wwgrenade_explode,raw\sound\apex\wpn\hero\gel_gun\blob\explo_full\gooball_explo_full_2.wav,,,wpn_wwgrenade_explode_swt,reference,93,93,100,50,350,600,curve3,curve2,allon,rdefault,5,priority,5,reject,0,0,0,25,50,0.25,1,3d,loaded,nonlooping,,1,0,96,,default,0,50,150,92,0.4,0.5,no,yes,none,1000,no,,both,no,no,,,75,no,no,0,0,wma,yes,no,world,reference,no,raw\sound\apex\wpn\hero\gel_gun\blob\explo_full\gooball_explo_full_2.wav,0,raw\sound\apex\wpn\hero\gel_gun\blob\explo_full\gooball_explo_full_2.wav,0,raw\sound\apex\wpn\hero\gel_gun\blob\explo_full\gooball_explo_full_2.wav,0,zmb_common,all
wpn_wwgrenade_explode,raw\sound\apex\wpn\hero\gel_gun\blob\explo_full\gooball_explo_full_3.wav,,,wpn_wwgrenade_explode_swt,reference,93,93,100,50,350,600,curve3,curve2,allon,rdefault,5,priority,5,reject,0,0,0,25,50,0.25,1,3d,loaded,nonlooping,,1,0,96,,default,0,50,150,92,0.4,0.5,no,yes,none,1000,no,,both,no,no,,,75,no,no,0,0,wma,yes,no,world,reference,no,raw\sound\apex\wpn\hero\gel_gun\blob\explo_full\gooball_explo_full_3.wav,0,raw\sound\apex\wpn\hero\gel_gun\blob\explo_full\gooball_explo_full_3.wav,0,raw\sound\apex\wpn\hero\gel_gun\blob\explo_full\gooball_explo_full_3.wav,0,zmb_common,all
wpn_wwgrenade_explode_lfe,raw\sound\apex\wpn\grenade\explosion\lfe\exp_grenade_lfe.wav,,,,reference,93,93,100,50,350,600,curve3,curve2,allon,rdefault,5,priority,5,reject,0,0,0,25,50,0.25,1,3d,loaded,nonlooping,,1,0,96,,default,0,50,150,92,0.4,0.5,no,yes,none,1000,no,,both,no,no,,,75,no,no,0,0,wma,yes,no,world,reference,no,raw\sound\apex\wpn\grenade\explosion\lfe\exp_grenade_lfe.wav,0,raw\sound\apex\wpn\grenade\explosion\lfe\exp_grenade_lfe.wav,0,raw\sound\apex\wpn\grenade\explosion\lfe\exp_grenade_lfe.wav,0,zmb_common,all
wpn_wwgrenade_explode_swt,raw\sound\apex\wpn\grenade\incendiary\explosion\exp_incendiary_00.wav,,,wpn_wwgrenade_explode_lfe,reference,93,93,100,50,350,600,curve3,curve2,allon,rdefault,5,priority,5,reject,0,0,0,25,50,0.25,1,3d,loaded,nonlooping,,1,0,96,,default,0,50,150,92,0.4,0.5,no,yes,none,1000,no,,both,no,no,,,75,no,no,0,0,wma,yes,no,world,reference,no,raw\sound\apex\wpn\grenade\incendiary\explosion\exp_incendiary_00.wav,0,raw\sound\apex\wpn\grenade\incendiary\explosion\exp_incendiary_00.wav,0,raw\sound\apex\wpn\grenade\incendiary\explosion\exp_incendiary_00.wav,0,zmb_common,all
wpn_wwgrenade_explode_swt,raw\sound\apex\wpn\grenade\incendiary\explosion\exp_incendiary_01.wav,,,wpn_wwgrenade_explode_lfe,reference,93,93,100,50,350,600,curve3,curve2,allon,rdefault,5,priority,5,reject,0,0,0,25,50,0.25,1,3d,loaded,nonlooping,,1,0,96,,default,0,50,150,92,0.4,0.5,no,yes,none,1000,no,,both,no,no,,,75,no,no,0,0,wma,yes,no,world,reference,no,raw\sound\apex\wpn\grenade\incendiary\explosion\exp_incendiary_01.wav,0,raw\sound\apex\wpn\grenade\incendiary\explosion\exp_incendiary_01.wav,0,raw\sound\apex\wpn\grenade\incendiary\explosion\exp_incendiary_01.wav,0,zmb_common,all
wpn_wwgrenade_explode_swt,raw\sound\apex\wpn\grenade\incendiary\explosion\exp_incendiary_02.wav,,,wpn_wwgrenade_explode_lfe,reference,93,93,100,50,350,600,curve3,curve2,allon,rdefault,5,priority,5,reject,0,0,0,25,50,0.25,1,3d,loaded,nonlooping,,1,0,96,,default,0,50,150,92,0.4,0.5,no,yes,none,1000,no,,both,no,no,,,75,no,no,0,0,wma,yes,no,world,reference,no,raw\sound\apex\wpn\grenade\incendiary\explosion\exp_incendiary_02.wav,0,raw\sound\apex\wpn\grenade\incendiary\explosion\exp_incendiary_02.wav,0,raw\sound\apex\wpn\grenade\incendiary\explosion\exp_incendiary_02.wav,0,zmb_common,all
wpn_wwgrenade_impact,raw\sound\apex\wpn\hero\gel_gun\blob\explo_empty\gooball_explo_empty_0.wav,,,,reference,93,93,100,50,350,600,curve3,curve2,allon,rdefault,5,priority,5,reject,0,0,0,25,50,0.25,1,3d,loaded,nonlooping,,1,0,96,,default,0,50,150,92,0.4,0.5,no,yes,none,1000,no,,both,no,no,,,75,no,no,0,0,wma,yes,no,world,reference,no,raw\sound\apex\wpn\hero\gel_gun\blob\explo_empty\gooball_explo_empty_0.wav,0,raw\sound\apex\wpn\hero\gel_gun\blob\explo_empty\gooball_explo_empty_0.wav,0,raw\sound\apex\wpn\hero\gel_gun\blob\explo_empty\gooball_explo_empty_0.wav,0,zmb_common,all
wpn_wwgrenade_impact,raw\sound\apex\wpn\hero\gel_gun\blob\explo_empty\gooball_explo_empty_1.wav,,,,reference,93,93,100,50,350,600,curve3,curve2,allon,rdefault,5,priority,5,reject,0,0,0,25,50,0.25,1,3d,loaded,nonlooping,,1,0,96,,default,0,50,150,92,0.4,0.5,no,yes,none,1000,no,,both,no,no,,,75,no,no,0,0,wma,yes,no,world,reference,no,raw\sound\apex\wpn\hero\gel_gun\blob\explo_empty\gooball_explo_empty_1.wav,0,raw\sound\apex\wpn\hero\gel_gun\blob\explo_empty\gooball_explo_empty_1.wav,0,raw\sound\apex\wpn\hero\gel_gun\blob\explo_empty\gooball_explo_empty_1.wav,0,zmb_common,all
wpn_wwgrenade_impact,raw\sound\apex\wpn\hero\gel_gun\blob\explo_empty\gooball_explo_empty_2.wav,,,,reference,93,93,100,50,350,600,curve3,curve2,allon,rdefault,5,priority,5,reject,0,0,0,25,50,0.25,1,3d,loaded,nonlooping,,1,0,96,,default,0,50,150,92,0.4,0.5,no,yes,none,1000,no,,both,no,no,,,75,no,no,0,0,wma,yes,no,world,reference,no,raw\sound\apex\wpn\hero\gel_gun\blob\explo_empty\gooball_explo_empty_2.wav,0,raw\sound\apex\wpn\hero\gel_gun\blob\explo_empty\gooball_explo_empty_2.wav,0,raw\sound\apex\wpn\hero\gel_gun\blob\explo_empty\gooball_explo_empty_2.wav,0,zmb_common,all
wpn_wwgrenade_impact,raw\sound\apex\wpn\hero\gel_gun\blob\explo_empty\gooball_explo_empty_3.wav,,,,reference,93,93,100,50,350,600,curve3,curve2,allon,rdefault,5,priority,5,reject,0,0,0,25,50,0.25,1,3d,loaded,nonlooping,,1,0,96,,default,0,50,150,92,0.4,0.5,no,yes,none,1000,no,,both,no,no,,,75,no,no,0,0,wma,yes,no,world,reference,no,raw\sound\apex\wpn\hero\gel_gun\blob\explo_empty\gooball_explo_empty_3.wav,0,raw\sound\apex\wpn\hero\gel_gun\blob\explo_empty\gooball_explo_empty_3.wav,0,raw\sound\apex\wpn\hero\gel_gun\blob\explo_empty\gooball_explo_empty_3.wav,0,zmb_common,all
wpn_wwmelee_swing_npc,raw\sound\apex\wpn\bowie\bowie_swing\bowie_swing_00.wav,,,,reference,93,93,100,50,350,600,curve3,curve2,allon,rdefault,5,priority,5,reject,0,0,0,25,50,0.25,1,3d,loaded,nonlooping,,1,0,96,,default,0,50,150,92,0.4,0.5,no,yes,none,1000,no,,both,no,no,,,75,no,no,0,0,wma,yes,no,world,reference,no,raw\sound\apex\wpn\bowie\bowie_swing\bowie_swing_00.wav,0,raw\sound\apex\wpn\bowie\bowie_swing\bowie_swing_00.wav,0,raw\sound\apex\wpn\bowie\bowie_swing\bowie_swing_00.wav,0,zmb_common,all
wpn_wwmelee_swing_npc,raw\sound\apex\wpn\bowie\bowie_swing\bowie_swing_01.wav,,,,reference,93,93,100,50,350,600,curve3,curve2,allon,rdefault,5,priority,5,reject,0,0,0,25,50,0.25,1,3d,loaded,nonlooping,,1,0,96,,default,0,50,150,92,0.4,0.5,no,yes,none,1000,no,,both,no,no,,,75,no,no,0,0,wma,yes,no,world,reference,no,raw\sound\apex\wpn\bowie\bowie_swing\bowie_swing_01.wav,0,raw\sound\apex\wpn\bowie\bowie_swing\bowie_swing_01.wav,0,raw\sound\apex\wpn\bowie\bowie_swing\bowie_swing_01.wav,0,zmb_common,all
wpn_wwmelee_swing_npc,raw\sound\apex\wpn\bowie\bowie_swing\bowie_swing_02.wav,,,,reference,93,93,100,50,350,600,curve3,curve2,allon,rdefault,5,priority,5,reject,0,0,0,25,50,0.25,1,3d,loaded,nonlooping,,1,0,96,,default,0,50,150,92,0.4,0.5,no,yes,none,1000,no,,both,no,no,,,75,no,no,0,0,wma,yes,no,world,reference,no,raw\sound\apex\wpn\bowie\bowie_swing\bowie_swing_02.wav,0,raw\sound\apex\wpn\bowie\bowie_swing\bowie_swing_02.wav,0,raw\sound\apex\wpn\bowie\bowie_swing\bowie_swing_02.wav,0,zmb_common,all
wpn_wwmelee_swing_plr,raw\sound\apex\wpn\bowie\bowie_swing\bowie_swing_00.wav,,,,reference,93,93,100,50,350,600,curve3,curve2,allon,rdefault,5,priority,5,reject,0,0,0,25,50,0.25,1,3d,loaded,nonlooping,,1,0,96,,default,0,50,150,92,0.4,0.5,no,yes,none,1000,no,,both,no,no,,,75,no,no,0,0,wma,yes,no,world,reference,no,raw\sound\apex\wpn\bowie\bowie_swing\bowie_swing_00.wav,0,raw\sound\apex\wpn\bowie\bowie_swing\bowie_swing_00.wav,0,raw\sound\apex\wpn\bowie\bowie_swing\bowie_swing_00.wav,0,zmb_common,all
wpn_wwmelee_swing_plr,raw\sound\apex\wpn\bowie\bowie_swing\bowie_swing_01.wav,,,,reference,93,93,100,50,350,600,curve3,curve2,allon,rdefault,5,priority,5,reject,0,0,0,25,50,0.25,1,3d,loaded,nonlooping,,1,0,96,,default,0,50,150,92,0.4,0.5,no,yes,none,1000,no,,both,no,no,,,75,no,no,0,0,wma,yes,no,world,reference,no,raw\sound\apex\wpn\bowie\bowie_swing\bowie_swing_01.wav,0,raw\sound\apex\wpn\bowie\bowie_swing\bowie_swing_01.wav,0,raw\sound\apex\wpn\bowie\bowie_swing\bowie_swing_01.wav,0,zmb_common,all
wpn_wwmelee_swing_plr,raw\sound\apex\wpn\bowie\bowie_swing\bowie_swing_02.wav,,,,reference,93,93,100,50,350,600,curve3,curve2,allon,rdefault,5,priority,5,reject,0,0,0,25,50,0.25,1,3d,loaded,nonlooping,,1,0,96,,default,0,50,150,92,0.4,0.5,no,yes,none,1000,no,,both,no,no,,,75,no,no,0,0,wma,yes,no,world,reference,no,raw\sound\apex\wpn\bowie\bowie_swing\bowie_swing_02.wav,0,raw\sound\apex\wpn\bowie\bowie_swing\bowie_swing_02.wav,0,raw\sound\apex\wpn\bowie\bowie_swing\bowie_swing_02.wav,0,zmb_common,all
#########################################################,,,,,,,,,,,,,,,,,,,,,,,,,,,,,,,,,,,,,,,,,,,,,,,,,,,,,,,,,,,,,,,,,,,,,,,
# Wunderfizz,,,,,,,,,,,,,,,,,,,,,,,,,,,,,,,,,,,,,,,,,,,,,,,,,,,,,,,,,,,,,,,,,,,,,,,
#########################################################,,,,,,,,,,,,,,,,,,,,,,,,,,,,,,,,,,,,,,,,,,,,,,,,,,,,,,,,,,,,,,,,,,,,,,,
zmb_rand_perk_ball_drop,raw\sound\apex\zmb\level\zm_castle\random_perk\ball_drop.wav,,,,ambience,88,88,100,50,350,600,curve3,curve2,allon,rdefault,5,priority,5,reject,0,0,0,25,50,0.25,1,3d,loaded,looping,,1,0,96,,default,0,50,150,92,0.4,0.5,no,yes,none,1000,no,,both,no,no,,,75,no,no,0,0,wma,yes,no,world,ambience,no,raw\sound\apex\zmb\level\zm_castle\random_perk\ball_drop.wav,0,raw\sound\apex\zmb\level\zm_castle\random_perk\ball_drop.wav,0,raw\sound\apex\zmb\level\zm_castle\random_perk\ball_drop.wav,0,zmb_common,all
zmb_rand_perk_bottle,raw\sound\apex\zmb\level\zm_castle\random_perk\electricity\hit\random_perk_imp_00.wav,,,,ambience,88,88,100,50,350,600,curve3,curve2,allon,rdefault,5,priority,5,reject,0,0,0,25,50,0.25,1,3d,loaded,looping,,1,0,96,,default,0,50,150,92,0.4,0.5,no,yes,none,1000,no,,both,no,no,,,75,no,no,0,0,wma,yes,no,world,ambience,no,raw\sound\apex\zmb\level\zm_castle\random_perk\electricity\hit\random_perk_imp_00.wav,0,raw\sound\apex\zmb\level\zm_castle\random_perk\electricity\hit\random_perk_imp_00.wav,0,raw\sound\apex\zmb\level\zm_castle\random_perk\electricity\hit\random_perk_imp_00.wav,0,zmb_common,all
zmb_rand_perk_bottle,raw\sound\apex\zmb\level\zm_castle\random_perk\electricity\hit\random_perk_imp_01.wav,,,,ambience,88,88,100,50,350,600,curve3,curve2,allon,rdefault,5,priority,5,reject,0,0,0,25,50,0.25,1,3d,loaded,looping,,1,0,96,,default,0,50,150,92,0.4,0.5,no,yes,none,1000,no,,both,no,no,,,75,no,no,0,0,wma,yes,no,world,ambience,no,raw\sound\apex\zmb\level\zm_castle\random_perk\electricity\hit\random_perk_imp_01.wav,0,raw\sound\apex\zmb\level\zm_castle\random_perk\electricity\hit\random_perk_imp_01.wav,0,raw\sound\apex\zmb\level\zm_castle\random_perk\electricity\hit\random_perk_imp_01.wav,0,zmb_common,all
zmb_rand_perk_bottle,raw\sound\apex\zmb\level\zm_castle\random_perk\electricity\hit\random_perk_imp_02.wav,,,,ambience,88,88,100,50,350,600,curve3,curve2,allon,rdefault,5,priority,5,reject,0,0,0,25,50,0.25,1,3d,loaded,looping,,1,0,96,,default,0,50,150,92,0.4,0.5,no,yes,none,1000,no,,both,no,no,,,75,no,no,0,0,wma,yes,no,world,ambience,no,raw\sound\apex\zmb\level\zm_castle\random_perk\electricity\hit\random_perk_imp_02.wav,0,raw\sound\apex\zmb\level\zm_castle\random_perk\electricity\hit\random_perk_imp_02.wav,0,raw\sound\apex\zmb\level\zm_castle\random_perk\electricity\hit\random_perk_imp_01.wav,0,zmb_common,all
zmb_rand_perk_leave,raw\sound\apex\zmb\level\zm_castle\random_perk\rand_perk_mach_leave.wav,,,,ambience,93,93,100,50,350,600,curve3,curve2,allon,rdefault,5,priority,5,reject,0,0,0,25,50,0.25,1,3d,loaded,nonlooping,,1,0,96,,default,0,50,150,92,0.4,0.5,no,yes,none,1000,no,,both,no,no,,,75,no,no,0,0,wma,yes,no,world,ambience,no,raw\sound\apex\zmb\level\zm_castle\random_perk\rand_perk_mach_leave.wav,0,raw\sound\apex\zmb\level\zm_castle\random_perk\rand_perk_mach_leave.wav,0,raw\sound\apex\zmb\level\zm_castle\random_perk\rand_perk_mach_leave.wav,0,zmb_common,all
zmb_rand_perk_light_bolt,raw\sound\apex\zmb\level\zm_castle\random_perk\electricity\zap\wunderfizz_elec_zap.wav,,,,ambience,93,93,100,50,350,600,curve3,curve2,allon,rdefault,5,priority,5,reject,0,0,0,25,50,0.25,1,3d,loaded,nonlooping,,1,0,96,,default,0,50,150,92,0.4,0.5,no,yes,none,1000,no,,both,no,no,,,75,no,no,0,0,wma,yes,no,world,ambience,no,raw\sound\apex\zmb\level\zm_castle\random_perk\electricity\zap\wunderfizz_elec_zap.wav,0,raw\sound\apex\zmb\level\zm_castle\random_perk\electricity\zap\wunderfizz_elec_zap.wav,0,raw\sound\apex\zmb\level\zm_castle\random_perk\electricity\zap\wunderfizz_elec_zap.wav,0,zmb_common,all
zmb_rand_perk_loop,raw\sound\apex\zmb\level\zm_castle\random_perk\rand_perk_mach_loop.wav,,,zmb_rand_perk_vortex,ambience,88,88,100,50,350,600,curve3,curve2,allon,rdefault,5,priority,5,reject,0,0,0,25,50,0.25,1,3d,loaded,looping,,1,0,96,,default,0,50,150,92,0.4,0.5,no,yes,none,1000,no,,both,no,no,,,75,no,no,0,0,wma,yes,no,world,ambience,no,raw\sound\apex\zmb\level\zm_castle\random_perk\rand_perk_mach_loop.wav,0,raw\sound\apex\zmb\level\zm_castle\random_perk\rand_perk_mach_loop.wav,0,raw\sound\apex\zmb\level\zm_castle\random_perk\rand_perk_mach_loop.wav,0,zmb_common,all
zmb_rand_perk_sparks,raw\sound\apex\amb\electronics\arch\large\elect_arch_large_01.wav,,,,ambience,93,93,100,50,350,600,curve3,curve2,allon,rdefault,5,priority,5,reject,0,0,0,25,50,0.25,1,3d,loaded,nonlooping,,1,0,96,,default,0,50,150,92,0.4,0.5,no,yes,none,1000,no,,both,no,no,,,75,no,no,0,0,wma,yes,no,world,ambience,no,raw\sound\apex\amb\electronics\arch\large\elect_arch_large_01.wav,0,raw\sound\apex\amb\electronics\arch\large\elect_arch_large_01.wav,0,raw\sound\apex\amb\electronics\arch\large\elect_arch_large_01.wav,0,zmb_common,all
zmb_rand_perk_sparks_bot,raw\sound\apex\zmb\level\zm_castle\random_perk\electricity\random_perk_strike.wav,,,,ambience,93,93,100,50,350,600,curve3,curve2,allon,rdefault,5,priority,5,reject,0,0,0,25,50,0.25,1,3d,loaded,nonlooping,,1,0,96,,default,0,50,150,92,0.4,0.5,no,yes,none,1000,no,,both,no,no,,,75,no,no,0,0,wma,yes,no,world,ambience,no,raw\sound\apex\zmb\level\zm_castle\random_perk\electricity\random_perk_strike.wav,0,raw\sound\apex\zmb\level\zm_castle\random_perk\electricity\random_perk_strike.wav,0,raw\sound\apex\zmb\level\zm_castle\random_perk\electricity\random_perk_strike.wav,0,zmb_common,all
zmb_rand_perk_sparks_top,raw\sound\apex\zmb\level\zm_castle\random_perk\electricity\sparks\random_perk_sparks_00.wav,,,,ambience,93,93,100,50,350,600,curve3,curve2,allon,rdefault,5,priority,5,reject,0,0,0,25,50,0.25,1,3d,loaded,nonlooping,,1,0,96,,default,0,50,150,92,0.4,0.5,no,yes,none,1000,no,,both,no,no,,,75,no,no,0,0,wma,yes,no,world,ambience,no,raw\sound\apex\zmb\level\zm_castle\random_perk\electricity\sparks\random_perk_sparks_00.wav,0,raw\sound\apex\zmb\level\zm_castle\random_perk\electricity\sparks\random_perk_sparks_00.wav,0,raw\sound\apex\zmb\level\zm_castle\random_perk\electricity\sparks\random_perk_sparks_00.wav,0,zmb_common,all
zmb_rand_perk_sparks_top,raw\sound\apex\zmb\level\zm_castle\random_perk\electricity\sparks\random_perk_sparks_001.wav,,,,ambience,93,93,100,50,350,600,curve3,curve2,allon,rdefault,5,priority,5,reject,0,0,0,25,50,0.25,1,3d,loaded,nonlooping,,1,0,96,,default,0,50,150,92,0.4,0.5,no,yes,none,1000,no,,both,no,no,,,75,no,no,0,0,wma,yes,no,world,ambience,no,raw\sound\apex\zmb\level\zm_castle\random_perk\electricity\sparks\random_perk_sparks_001.wav,0,raw\sound\apex\zmb\level\zm_castle\random_perk\electricity\sparks\random_perk_sparks_001.wav,0,raw\sound\apex\zmb\level\zm_castle\random_perk\electricity\sparks\random_perk_sparks_001.wav,0,zmb_common,all
zmb_rand_perk_sparks_top,raw\sound\apex\zmb\level\zm_castle\random_perk\electricity\sparks\random_perk_sparks_002.wav,,,,ambience,93,93,100,50,350,600,curve3,curve2,allon,rdefault,5,priority,5,reject,0,0,0,25,50,0.25,1,3d,loaded,nonlooping,,1,0,96,,default,0,50,150,92,0.4,0.5,no,yes,none,1000,no,,both,no,no,,,75,no,no,0,0,wma,yes,no,world,ambience,no,raw\sound\apex\zmb\level\zm_castle\random_perk\electricity\sparks\random_perk_sparks_002.wav,0,raw\sound\apex\zmb\level\zm_castle\random_perk\electricity\sparks\random_perk_sparks_002.wav,0,raw\sound\apex\zmb\level\zm_castle\random_perk\electricity\sparks\random_perk_sparks_002.wav,0,zmb_common,all
zmb_rand_perk_start,raw\sound\apex\zmb\level\zm_castle\random_perk\rand_perk_mach_start.wav,,,,ambience,93,93,100,50,350,600,curve3,curve2,allon,rdefault,5,priority,5,reject,0,0,0,25,50,0.25,1,3d,loaded,nonlooping,,1,0,96,,default,0,50,150,92,0.4,0.5,no,yes,none,1000,no,,both,no,no,,,75,no,no,0,0,wma,yes,no,world,ambience,no,raw\sound\apex\zmb\level\zm_castle\random_perk\rand_perk_mach_start.wav,0,raw\sound\apex\zmb\level\zm_castle\random_perk\rand_perk_mach_start.wav,0,raw\sound\apex\zmb\level\zm_castle\random_perk\rand_perk_mach_start.wav,0,zmb_common,all
zmb_rand_perk_stop,raw\sound\apex\zmb\level\zm_castle\random_perk\rand_perk_mach_stop.wav,,,,ambience,93,93,100,50,350,600,curve3,curve2,allon,rdefault,5,priority,5,reject,0,0,0,25,50,0.25,1,3d,loaded,nonlooping,,1,0,96,,default,0,50,150,92,0.4,0.5,no,yes,none,1000,no,,both,no,no,,,75,no,no,0,0,wma,yes,no,world,ambience,no,raw\sound\apex\zmb\level\zm_castle\random_perk\rand_perk_mach_stop.wav,0,raw\sound\apex\zmb\level\zm_castle\random_perk\rand_perk_mach_stop.wav,0,raw\sound\apex\zmb\level\zm_castle\random_perk\rand_perk_mach_stop.wav,0,zmb_common,all
zmb_rand_perk_strike,raw\sound\apex\amb\weather\thunder\flash\lightning_flash_00.wav,,,,ambience,93,93,100,50,350,600,curve3,curve2,allon,rdefault,5,priority,5,reject,0,0,0,25,50,0.25,1,3d,loaded,nonlooping,,1,0,96,,default,0,50,150,92,0.4,0.5,no,yes,none,1000,no,,both,no,no,,,75,no,no,0,0,wma,yes,no,world,ambience,no,raw\sound\apex\amb\weather\thunder\flash\lightning_flash_00.wav,0,raw\sound\apex\amb\weather\thunder\flash\lightning_flash_00.wav,0,raw\sound\apex\amb\weather\thunder\flash\lightning_flash_00.wav,0,zmb_common,all
zmb_rand_perk_strike,raw\sound\apex\amb\weather\thunder\flash\lightning_flash_01.wav,,,,ambience,93,93,100,50,350,600,curve3,curve2,allon,rdefault,5,priority,5,reject,0,0,0,25,50,0.25,1,3d,loaded,nonlooping,,1,0,96,,default,0,50,150,92,0.4,0.5,no,yes,none,1000,no,,both,no,no,,,75,no,no,0,0,wma,yes,no,world,ambience,no,raw\sound\apex\amb\weather\thunder\flash\lightning_flash_01.wav,0,raw\sound\apex\amb\weather\thunder\flash\lightning_flash_01.wav,0,raw\sound\apex\amb\weather\thunder\flash\lightning_flash_01.wav,0,zmb_common,all
zmb_rand_perk_strike,raw\sound\apex\amb\weather\thunder\flash\lightning_flash_02.wav,,,,ambience,93,93,100,50,350,600,curve3,curve2,allon,rdefault,5,priority,5,reject,0,0,0,25,50,0.25,1,3d,loaded,nonlooping,,1,0,96,,default,0,50,150,92,0.4,0.5,no,yes,none,1000,no,,both,no,no,,,75,no,no,0,0,wma,yes,no,world,ambience,no,raw\sound\apex\amb\weather\thunder\flash\lightning_flash_02.wav,0,raw\sound\apex\amb\weather\thunder\flash\lightning_flash_02.wav,0,raw\sound\apex\amb\weather\thunder\flash\lightning_flash_02.wav,0,zmb_common,all
zmb_rand_perk_strike,raw\sound\apex\amb\weather\thunder\flash\lightning_flash_03.wav,,,,ambience,93,93,100,50,350,600,curve3,curve2,allon,rdefault,5,priority,5,reject,0,0,0,25,50,0.25,1,3d,loaded,nonlooping,,1,0,96,,default,0,50,150,92,0.4,0.5,no,yes,none,1000,no,,both,no,no,,,75,no,no,0,0,wma,yes,no,world,ambience,no,raw\sound\apex\amb\weather\thunder\flash\lightning_flash_03.wav,0,raw\sound\apex\amb\weather\thunder\flash\lightning_flash_03.wav,0,raw\sound\apex\amb\weather\thunder\flash\lightning_flash_03.wav,0,zmb_common,all
zmb_rand_perk_vortex,raw\sound\apex\zmb\level\zm_castle\random_perk\vortex_loop.wav,,,zmb_rand_perk_sparks,ambience,88,88,100,50,350,600,curve3,curve2,allon,rdefault,5,priority,5,reject,0,0,0,25,50,0.25,1,3d,loaded,looping,,1,0,96,,default,0,50,150,92,0.4,0.5,no,yes,none,1000,no,,both,no,no,,,75,no,no,0,0,wma,yes,no,world,ambience,no,raw\sound\apex\zmb\level\zm_castle\random_perk\vortex_loop.wav,0,raw\sound\apex\zmb\level\zm_castle\random_perk\vortex_loop.wav,0,raw\sound\apex\zmb\level\zm_castle\random_perk\vortex_loop.wav,0,zmb_common,all
#########################################################,,,,,,,,,,,,,,,,,,,,,,,,,,,,,,,,,,,,,,,,,,,,,,,,,,,,,,,,,,,,,,,,,,,,,,,
# FIX,,,,,,,,,,,,,,,,,,,,,,,,,,,,,,,,,,,,,,,,,,,,,,,,,,,,,,,,,,,,,,,,,,,,,,,
#########################################################,,,,,,,,,,,,,,,,,,,,,,,,,,,,,,,,,,,,,,,,,,,,,,,,,,,,,,,,,,,,,,,,,,,,,,,
bs,this_fixes_last_alias_breaking.wav,,,,reference,97,97,100,0,0,0,default,default,allon,rdefault,5,priority,5,reject,-88,84,0,80,95,0.55,1,2d,loaded,nonlooping,,1,0,96,,default,93,0,0,0,0.5,0.5,no,yes,none,1000,no,,both,no,no,,,75,no,no,0,0,wma,yes,no,world,event,no,raw\sound\wpn\energy\raygun\reload\plr\wpn_ray_reload_open.wav,0,raw\sound\wpn\energy\raygun\reload\plr\wpn_ray_reload_open.wav,0,raw\sound\wpn\energy\raygun\reload\plr\wpn_ray_reload_open.wav,0,zmb_common,0
